<?xml version="1.0" encoding="UTF-8"?>
<project-private xmlns="http://www.netbeans.org/ns/project-private/1">
    <editor-bookmarks xmlns="http://www.netbeans.org/ns/editor-bookmarks/1"/>
    <editor-bookmarks xmlns="http://www.netbeans.org/ns/editor-bookmarks/2" lastBookmarkId="0"/>
    <open-files xmlns="http://www.netbeans.org/ns/projectui-open-files/2">
        <group>
            <file>file:/C:/Users/Danar/Documents/M_snake/src/m_snake/Snake.html</file>
            <file>file:/C:/Users/Danar/Documents/M_snake/src/Snake_engin/engin.java</file>
            <file>file:/C:/Users/Danar/Documents/M_snake/src/Snake.html</file>
            <file>file:/C:/Users/Danar/Documents/M_snake/src/m_snake/MainFrame.java</file>
        </group>
    </open-files>
</project-private>
